,source_id,parallax,parallax_error,pmra,pmra_error,pmdec,pmdec_error,pseudocolour,duplicated_source,phot_g_mean_flux,phot_g_mean_flux_error,phot_g_mean_mag,phot_bp_mean_flux,phot_bp_mean_flux_error,phot_bp_mean_mag,phot_rp_mean_flux,phot_rp_mean_mag,bp_rp,radial_velocity,phot_variable_flag,in_qso_candidates,in_galaxy_candidates,non_single_star,classprob_dsc_combmod_quasar,classprob_dsc_combmod_galaxy,teff_gspphot,logg_gspphot,mh_gspphot,distance_gspphot,azero_gspphot,ag_gspphot,ebpminrp_gspphot,gaia_ra,gaia_dec,gaia_ra_e,gaia_dec_e,radio_ra,radio_dec,radio_ra_e,radio_dec_e,radio_idx,d2d,d3d,1.266GHz,1.266GHz_e,Group,MG
0,4625408507658062720,0.7097197292860924,0.041272704,2.26339056348896,0.045550663,8.99092983372643,0.053630576,,False,4446.578765179875,2.482073,16.567303,2093.184275243576,9.459445,17.036524,3314.887214922024,15.946724,1.0897999,,NOT_AVAILABLE,False,False,0,1.023935e-13,5.114672e-13,4996.423,4.6473,-0.5532,1066.5537,0.1082,0.0867,0.0462,60.131543201132736,-80.04782190418523,0.03596871,0.04401769,60.12880416666666,-80.04753055555555,0.0003208333333333333,5.555555555555556e-05,42,2.0010822371084,9.70152045571938e-06,107.3,5.8,,5.822737391094318
1,4625411020215142144,0.6206042884995301,0.024908856,2.275472434939392,0.028291443,-0.0836305776205487,0.03172785,,False,13208.388123224328,4.264658,15.385242,6985.930713283645,24.083889,15.727982,8891.301836969315,14.875483,0.852499,,NOT_AVAILABLE,False,False,0,1.0242788e-13,5.1162313e-13,5666.862,4.2803,-0.803,1557.3156,0.0844,0.0705,0.0381,60.210886657550965,-79.94074152284512,0.021817377,0.025814323,60.21534166666665,-79.9409388888889,0.0007791666666666666,0.0001361111111111111,101,2.8899854309700506,1.401104475131889e-05,16.8,2.0,,4.34931586160044
2,4625361095515300864,0.568919251947915,0.031338282,5.49819126580699,0.039547037,7.187798619201848,0.039329004,,False,7280.069348930027,3.015412,16.032028,3598.273279360777,10.257373,16.448307,5172.385960551392,15.463668,0.98463917,,NOT_AVAILABLE,False,False,0,1.02304314e-13,5.1101305e-13,5275.2534,3.9636,0.1005,2549.8977,0.0768,0.0625,0.0331,60.24095513471523,-80.10687839223783,0.03014329,0.03255375,60.23752499999999,-80.10714166666666,0.0010041666666666664,0.0001722222222222222,124,2.3236576602471444,1.126541023896709e-05,10.2,1.5,,4.807281151641439
3,4625265747241605888,0.2913662474880186,0.04519381,8.79984880267755,0.055878684,12.447515551233597,0.054133516,,False,3991.7578229621568,2.385942,16.684456,2136.070512880465,15.490784,17.014503,2633.96259301295,16.196371,0.8181324,,NOT_AVAILABLE,False,False,0,1.024142e-13,5.115914e-13,5647.9414,4.647,-0.7533,1627.6239,0.0173,0.0145,0.0078,60.436154937038346,-80.21510718989421,0.046146013,0.04431668,60.434945833333316,-80.21579722222222,0.001,0.00016944444444444445,344,2.5919161992331814,1.256596433670673e-05,10.5,1.6,,4.006652203561254
4,4625359618046554880,0.6765143025729247,0.019521771,5.546646823137314,0.0241264,0.2665950183245859,0.02414711,,False,20330.116569248225,4.896045,14.917017,10526.27924427924,16.238068,15.282855,13993.347867984308,14.383091,0.89976406,,NOT_AVAILABLE,False,False,0,1.0237135e-13,5.113398e-13,5547.5234,4.2607,-0.3083,1295.5386,0.1268,0.1052,0.0565,60.48693540694669,-80.19907930979919,0.01937063,0.01980553,60.48664583333333,-80.19957500000001,0.0009958333333333332,0.00016944444444444445,402,1.7932858264020282,8.694095027748078e-06,10.5,1.5,,4.068401913484445
5,4625369818592723072,0.3134714026880635,0.038310915,4.238020485787788,0.04583483,7.614762438805723,0.044250414,,False,5658.156228839726,2.7877905,16.30568,2898.622193303682,14.866777,16.683064,3914.7113746320174,15.766146,0.9169178,,NOT_AVAILABLE,False,False,0,1.02151774e-13,5.102453e-13,5685.7397,4.4114,-0.2851,1727.3402,0.2638,0.2194,0.118,60.605182576480416,-79.92084847989913,0.036174156,0.03705829,60.6046,-79.92110277777778,0.000975,0.00016944444444444445,573,0.9863089545138056,4.781760749468784e-06,10.3,1.5,,3.7866696361803562
6,4625420671005619200,0.3123848952921065,0.045537382,3.318159363241024,0.054019287,14.141446849214557,0.05472943,,False,4729.2092084209135,2.9636195,16.500395,2491.05553352214,13.392437,16.847584,3228.339280256274,15.975448,0.8721361,,NOT_AVAILABLE,False,False,0,1.022263e-13,5.1114245e-13,5878.879,4.4972,-0.9392,1670.6495,0.305,0.2568,0.14,60.60571400231488,-79.72124200294901,0.043777533,0.04505286,60.60672916666665,-79.721875,0.0008708333333333332,0.00015555555555555556,576,2.3702553394285677,1.1491322162714682e-05,12.6,1.7,,3.973845131630009
7,4625370475723817600,1.1618735385772254,0.010847439,4.679819353777125,0.013300486,11.513334866865774,0.011982356,,False,81888.1018248929,12.249646,13.404315,41814.75075501964,41.884182,13.785218,57144.0326849378,12.855469,0.9297495,35.974567,NOT_AVAILABLE,False,False,0,1.0294707e-13,5.1421546e-13,5511.5186,4.0926,-0.482,828.6274,0.1814,0.1502,0.081,60.77575816472099,-79.85867732290845,0.010885404,0.009521731,60.77958749999999,-79.85860833333332,0.0008499999999999998,0.00014722222222222223,852,2.4400056710556965,1.1829481313053818e-05,13.6,1.7,,3.7301093042695044
8,4625260623343865856,2.349870806981248,0.07254412,7.338136982072754,0.08829994,53.38655478108396,0.09602637,,False,1654.0989057985755,1.5438727,17.640963,437.2357965085882,12.52908,18.736753,1846.477217857856,16.582035,2.1547184,,NOT_AVAILABLE,False,False,0,1.04659106e-13,5.227908e-13,3716.2573,4.8462,-0.459,412.6062,0.6543,0.4496,0.2592,60.89993066856111,-80.37660950865644,0.06659663,0.06794163,60.89914166666666,-80.37599444444444,0.0004083333333333333,6.666666666666667e-05,1118,2.264575369755354,1.0978971211602778e-05,75.3,4.9,,9.49618292974701
9,4625358720397108352,0.9621250501230724,0.060889836,2.501077598771209,0.07547907,-8.366141226350432,0.07679302,,False,2454.420081292042,1.937185,17.212494,939.0210337928188,7.621911,17.906855,2145.478073338266,16.419085,1.4877701,,NOT_AVAILABLE,False,False,0,1.0232732e-13,5.251129e-13,4387.365,4.6541,0.008,974.7099,0.244,0.1831,0.0965,60.93526861169652,-80.13095564574805,0.057222605,0.057855316,60.93560416666666,-80.13127777777777,0.00039166666666666663,6.666666666666667e-05,1188,1.1780126920274179,5.7111666961524235e-06,75.6,4.9,,7.128651610963175
10,4625444001267996160,2.8973681445006814,0.1668211,31.752907294060385,0.23878035,1.5760847157080975,0.18337597,,False,567.8256893657615,1.166421,18.801828,94.95747436090628,7.7769275,20.39472,712.4416236095303,17.616022,2.778698,,NOT_AVAILABLE,False,False,0,1.0323179e-13,5.1782905e-13,3339.3071,4.977,-0.3061,343.5261,0.6957,0.4454,0.2879,60.94533679577652,-79.66224335919746,0.16717438,0.14261436,60.94488749999999,-79.66146666666667,0.0004958333333333333,8.888888888888889e-05,1214,2.8111191481904525,1.3628690222602896e-05,42.6,3.5,,11.111846404509055
11,4625248906673070720,0.6086378524162114,0.10381883,5.023710181076726,0.1308249,5.225769401546431,0.12851462,,False,1025.3047862927897,1.4599365,18.160234,488.9950932645902,9.28141,18.61528,927.1608484881287,17.330008,1.2852726,,NOT_AVAILABLE,False,False,0,2.4152455e-13,1.4305479e-08,4770.2427,4.8567,-1.7629,1148.0892,0.4371,0.3421,0.1863,61.04250679615745,-80.38103974448985,0.09960109,0.09520402,61.04279583333332,-80.38098888888888,0.0002958333333333333,4.9999999999999996e-05,1428,0.25248483989061243,1.2240810465077358e-06,129.6,6.3,,7.082028792561337
12,4625365420546138368,1.6810736793772476,0.11481555,0.0657154154985901,0.1358855,7.989530358761552,0.15064724,1.1945733,False,929.751814523557,1.4053868,18.266449,197.35290177035264,6.987867,19.600433,1138.9628089448554,17.10662,2.4938126,,NOT_AVAILABLE,False,False,0,1.1049231e-13,5.3592883e-13,3460.0625,4.7973,0.0062,471.1419,0.6013,0.3922,0.2505,61.22540036433757,-80.01460609338169,0.10313537,0.11551767,61.22220833333332,-80.01405833333334,0.0006416666666666666,0.00011111111111111112,1881,2.8033987561730935,1.3591260705870978e-05,25.6,2.5,,9.394382742229272
13,4625358415455778304,0.3676603280073058,0.057831008,10.297257277625183,0.07940374,8.729515603451121,0.07423518,,False,2438.3021252845497,1.9671464,17.219648,1222.2285680847176,14.901841,17.62066,1706.9259070912126,16.667358,0.9533024,,NOT_AVAILABLE,False,False,0,1.0215773e-13,5.104588e-13,5267.451,4.6498,-0.3759,1799.9343,0.0022,0.0018,0.001,61.37686328912196,-80.0795221017621,0.05719149,0.055846144,61.376112499999984,-80.07893888888889,0.0006833333333333333,0.00011944444444444444,2254,2.1505859812192414,1.0426335060946695e-05,22.6,2.3,,5.046881851587502
14,4625357590822056320,0.6579394004882331,0.07456014,16.16773393381677,0.1007065,13.003850018802728,0.10234859,,False,1650.4853753048558,1.5993402,17.643337,639.4322772949045,7.8038254,18.324057,1417.5313718992247,16.869064,1.4549923,,NOT_AVAILABLE,False,False,0,1.02421686e-13,6.201635e-13,4294.116,4.5056,-0.093,1460.2238,0.061,0.0457,0.0242,61.41612116452508,-80.1519508046931,0.07422599,0.06903487,61.41886666666665,-80.15211111111111,0.0007041666666666666,0.00012222222222222221,2333,1.7862648051663348,8.660056156257186e-06,21.7,2.2,,6.73426647380275
15,4625357968779178752,0.7437390413041961,0.040372476,0.66787988802816,0.05508214,5.022404787348815,0.056244038,,False,4267.251299670539,2.3303082,16.611996,1945.029047538332,9.529288,17.116226,3267.9196467701427,15.962217,1.1540089,,NOT_AVAILABLE,False,False,0,1.02450085e-13,5.118079e-13,4773.546,4.4782,-0.4231,1314.1954,0.0086,0.0067,0.0036,61.4283119321408,-80.13370798054656,0.040575404,0.03860035,61.43077499999998,-80.13384166666667,0.0008375,0.00014166666666666668,2360,1.5937553342604829,7.72674390387311e-06,14.8,1.7,,5.96909889814569
16,4625247639659540736,0.3757893543217027,0.010219152,4.191047615415448,0.012539173,-0.3499098118477695,0.0128771085,,False,66552.74463391633,8.517834,13.629452,30108.09639028241,22.104311,14.141834,52231.17702256781,12.953071,1.1887636,36.704662,NOT_AVAILABLE,False,False,0,1.0222464e-13,5.106069e-13,,,,,,,,61.475630570788034,-80.42885241431556,0.010007811,0.009831495,61.47599166666666,-80.42875000000001,0.0007666666666666666,0.0001277777777777778,2490,0.42737863535692494,2.071990094359021e-06,19.0,2.1,,1.5041743643889625
17,4625247536580332288,7.890717661029527,0.028261052,56.86177382335461,0.032878835,78.17931544920997,0.036731698,,False,7569.00886068925,4.6415167,15.989769,1310.307911463418,11.664439,17.545109,9667.141529419096,14.78465,2.760459,,NOT_AVAILABLE,False,False,0,1.7308995e-13,8.6457566e-13,3371.9612,4.8632,0.0065,127.7903,0.7113,0.4552,0.2979,61.51502686634461,-80.4609757195873,0.026773253,0.026544785,61.51170416666665,-80.46154166666668,0.0008708333333333332,0.00014166666666666668,2581,2.8425819636674654,1.3781226256488189e-05,14.7,1.9,,10.475351520515472
18,4625395794555307008,1.7671215393208823,0.3199922,16.8766853829559,0.44632557,26.112518395389188,0.3846415,1.1067287,False,255.66444855599025,0.97820807,19.668192,69.7103428332222,6.5792356,20.730299,339.3956050332317,18.42113,2.3091698,,NOT_AVAILABLE,False,False,0,1.04638845e-13,5.7817683e-13,,,,,,,,61.64064792114096,-79.71776029564714,0.33086374,0.2740953,61.64499166666665,-79.71796944444445,0.0006374999999999998,0.00011388888888888888,2959,2.8909890949825874,1.4015910651753531e-05,24.5,2.4,,10.904524102489011
19,4625346286468132096,0.8595399112894042,0.026053287,3.0254883110635777,0.036243767,5.951704913595786,0.034422684,,False,10272.577948728886,3.469312,15.658168,4876.991116478714,15.621161,16.118162,7600.842746815561,15.045741,1.0724211,,NOT_AVAILABLE,False,False,0,1.02453114e-13,5.11751e-13,5087.4263,4.4359,0.0752,1127.2787,0.0999,0.0802,0.0423,61.67501347808897,-80.14009978882859,0.026783256,0.024427162,61.67553333333333,-80.14033611111111,0.0009583333333333333,0.00016388888888888887,3044,0.9091162567398331,4.407519989852027e-06,11.3,1.4,,5.32949823612366
20,4625342193362817536,1.0980884703392086,0.08979376,5.926646626047401,0.111228734,12.14229309431813,0.113903224,,False,1231.944652177996,1.5124661,17.96089,376.92418274727896,8.20947,18.897907,1240.5668924109536,17.013845,1.8840618,,NOT_AVAILABLE,False,False,0,1.0282497e-13,5.4561667e-13,3815.727,4.7905,-0.4398,653.1436,0.3256,0.2304,0.1268,61.692537094027,-80.33627157157949,0.08346456,0.08505628,61.69025833333332,-80.33589166666667,0.0006291666666666665,0.00010555555555555555,3086,1.940860016685688,9.409554892029704e-06,29.0,2.7,,8.16407665791234
21,4625364119172232448,3.497424760745956,0.01117152,64.52919551483023,0.014697475,42.09189633750679,0.014824226,,False,221194.33064929667,40.07649,12.325432,109819.0080889448,57.709564,12.736849,159620.50531110234,11.740173,0.9966755,21.123552,NOT_AVAILABLE,False,False,0,1.0615666e-13,5.3024723e-13,5066.9844,4.29,-0.8379,283.9286,0.0007,0.0006,0.0003,61.71304609778918,-80.07626491250814,0.011501765,0.010672388,61.716287499999986,-80.07610555555556,0.0007416666666666665,0.0001277777777777778,3165,2.0912539200979614,1.0138685111369326e-05,19.0,2.0,,5.044173901960388
22,4625345908510108032,0.8956486056024628,0.08184209,9.306615622444662,0.10173991,12.592995517045203,0.10409413,,False,1358.3526275395134,1.4350207,17.854836,518.8693920348833,11.258795,18.550898,1157.1451731352547,17.089426,1.4614716,,NOT_AVAILABLE,False,False,0,1.0278052e-13,7.5193654e-13,4295.2007,4.6814,-0.0335,1274.6761,0.0062,0.0046,0.0024,61.76408990498222,-80.18182065433476,0.08123651,0.07509461,61.76824583333332,-80.18209722222223,0.0002333333333333333,3.888888888888889e-05,3343,2.738604180198082,1.3277127736967337e-05,218.4,8.7,,7.615524270516129
23,4625404766742624000,1.3937468430460778,0.13411595,-6.175439739611129,0.1498775,11.664500919572673,0.17466989,,False,959.6388672751714,1.4538088,18.232098,221.3356064196343,6.6492443,19.475914,1137.9934204926644,17.107546,2.3683681,,NOT_AVAILABLE,False,False,0,1.2610121e-13,6.6150086e-13,3556.0603,4.2721,-0.4942,888.0759,0.7638,0.509,0.3115,61.90789970076814,-79.5894118540008,0.120545454,0.11998951,61.90664999999998,-79.58932222222222,0.0006875,0.000125,3757,0.8746584491756909,4.240463824548476e-06,20.3,2.2,,8.953017483398952
24,4625339272785052160,3.3446269160848017,0.020237245,2.9034508543507265,0.023868341,41.53013750599266,0.028551778,,False,16061.885483848411,4.657411,15.172875,5339.477238531593,12.900353,16.019794,15535.96164246812,14.26955,1.7502441,-14.35241,NOT_AVAILABLE,False,False,0,1.0565753e-13,5.278005e-13,4254.5376,4.6361,0.0383,295.4375,0.6757,0.4934,0.2632,62.07589863194276,-80.37973351557316,0.018686056,0.019389268,62.073662500000005,-80.37997222222222,0.0007499999999999998,0.000125,4273,1.5963339945594897,7.739245601781114e-06,20.1,2.1,,7.794613402264761
25,4625404148267336832,0.9503605023045384,0.03648864,-6.087859734387447,0.04396068,-13.652411285742266,0.046890628,,False,5380.850537924739,2.358482,16.360239,2435.79001216445,10.970346,16.871943,4167.622826878059,15.698174,1.173768,,NOT_AVAILABLE,False,False,0,1.02396654e-13,5.115777e-13,5078.9434,4.6685,-0.4647,898.4242,0.3932,0.3139,0.1682,62.14832473753314,-79.58354709020837,0.034981746,0.033702508,62.14565,-79.58402222222222,0.0006916666666666666,0.000125,4495,2.4405921490328213,1.1832324638535373e-05,20.0,2.2,,6.249680892038491
26,4625378722060974208,2.062899536882011,0.05061286,16.70601292206004,0.07186589,32.1512009869747,0.067963935,,False,3765.1484748532366,2.6501012,16.747911,1058.9285850380584,11.12835,17.776375,3942.873298183477,15.758364,2.018011,,NOT_AVAILABLE,False,False,0,1.0765377e-13,5.3805777e-13,3993.7979,4.6813,-0.0836,443.3285,0.7143,0.5018,0.2794,62.277080670701714,-79.90568658892293,0.050660472,0.04897363,62.274254166666665,-79.90624722222223,0.0005375,9.444444444444446e-05,4911,2.6933100021196297,1.3057535364871406e-05,37.1,3.1,,8.32030139182852
27,4625392839617451520,1.6329230785473203,0.23363946,-0.3705898891845945,0.32718125,-0.123189651413967,0.31191942,1.1951532,False,339.8779036732752,1.058181,19.35906,71.72476098331619,7.2378473,20.69937,425.5798612666063,18.175444,2.5239258,,NOT_AVAILABLE,False,False,0,5.312445e-13,5.26046e-13,,,,,,,,62.29709942343087,-79.79062840626077,0.23465385,0.21759751,62.29582916666666,-79.79046666666666,0.0006708333333333333,0.00011944444444444444,4971,0.9979984395262081,4.838432972059775e-06,22.2,2.2,,10.423888635412485
28,4625338173273418240,1.3631915095052651,0.12554325,-2.887450032990436,0.1438519,1.181457182465836,0.15493858,,False,718.6983922646124,1.0787967,18.546,193.1681101899383,11.608501,19.623703,759.0511559532314,17.547218,2.0764847,,NOT_AVAILABLE,False,False,0,1.1670206e-13,5.473019e-13,3455.6643,4.4726,-1.1501,562.981,0.0979,0.0674,0.0375,62.37750604485847,-80.4173626141321,0.1148728,0.115853876,62.376670833333336,-80.41776944444445,0.0009583333333333333,0.00015833333333333332,5199,1.5477553042439927,7.503729465049128e-06,11.9,1.5,,9.218784362368057
29,4625347965799459456,2.589362806605754,0.31181002,32.133386241913826,0.3831622,-6.357079740396193,0.4107786,1.112302,False,256.32422054962353,0.86007905,19.665392,46.643762000337645,6.500068,21.16656,319.95452454616475,18.485174,2.681385,,NOT_AVAILABLE,False,False,0,1.0320468e-13,5.230665e-13,,,,,,,,62.40386983487567,-80.1853963436234,0.29375803,0.28991175,62.400574999999996,-80.1858,0.001008333333333333,0.0001722222222222222,5275,2.4899011478006248,1.2071381410584238e-05,10.2,1.3,,11.731356527701239
30,4625353983049358976,0.8366402525427354,0.038220707,13.383341669340403,0.04998741,12.691249583923009,0.05466103,,False,5261.38391968903,2.5202208,16.384617,2459.192215632509,14.120848,16.86156,3983.2443502633782,15.747303,1.1142578,,NOT_AVAILABLE,False,False,0,1.0250633e-13,5.1208186e-13,4867.1255,4.4854,-0.4758,1197.3209,0.0691,0.0549,0.0293,62.41241017276489,-80.00647754142521,0.038790293,0.037931785,62.41255,-80.00714722222222,0.0007083333333333334,0.000125,5309,2.412432846684462,1.1695804488235366e-05,20.6,2.1,,5.997310777894409
31,4625338315008780160,0.2767646203249549,0.03699289,1.521606178792939,0.043094624,12.648784251142978,0.0479276,,False,4381.717266594734,2.2911332,16.583256,2265.9521440889885,10.403141,16.950415,3077.488928913233,16.027405,0.9230099,,NOT_AVAILABLE,False,False,0,1.0211469e-13,5.1011273e-13,5777.8555,4.4228,-0.4739,1905.8236,0.3251,0.2714,0.1468,62.42623338467196,-80.39304744668702,0.035116315,0.0360308,62.4233625,-80.3924138888889,0.0005541666666666667,9.166666666666667e-05,5338,2.859596477736724,1.3863714948461982e-05,39.0,3.3,,3.7938088606488147
32,4622335441377714560,2.2946251836125904,0.3082792,11.96029423492534,0.3426264,9.35806138304309,0.3686411,1.3164349,False,247.39068016244107,0.80312186,19.703909,54.43206590538324,6.0884666,20.998905,332.30628991970497,18.44405,2.5548553,,NOT_AVAILABLE,False,False,0,1.4470063e-13,5.343417e-13,,,,,,,,62.629064037834425,-80.45085642992973,0.29464552,0.27721435,62.63165,-80.45103333333334,0.0009249999999999999,0.0001527777777777778,5969,1.6705224120634514,8.098921199675881e-06,12.9,1.6,,11.507467778379928
33,4625380676270028416,0.8040088363573565,0.048477076,1.1799679886590733,0.07693264,8.285790776111556,0.06494968,,False,3366.1501057665773,2.701688,16.869534,1253.7313468257664,11.987781,17.59303,3090.2000929284704,16.022928,1.5701027,,NOT_AVAILABLE,False,False,0,1.02472535e-13,5.379615e-13,4465.753,4.4858,0.1735,1056.2443,0.4768,0.3552,0.1874,62.71735696390022,-79.84110154990569,0.05051932,0.04631392,62.720699999999994,-79.84062222222222,0.0005083333333333333,8.888888888888889e-05,6259,2.7356374102071035,1.3262744430167635e-05,42.0,3.4,,6.395838109166087
34,4625380607550547584,0.3635842296601653,0.060723253,-0.9037263343784916,0.099679336,0.4588618962626428,0.08111939,,False,2222.740171489495,1.7192804,17.320145,1112.6489587440103,12.207809,17.722647,1615.845001151945,16.726896,0.9957504,,NOT_AVAILABLE,False,False,0,1.02900646e-13,5.1223067e-13,5099.562,4.6598,-0.8403,1551.2633,0.008,0.0065,0.0035,62.771187510370574,-79.84657396919128,0.06424948,0.056703173,62.768920833333326,-79.84709444444444,0.0003291666666666666,5.833333333333333e-05,6424,2.362189532345971,1.1452218026490818e-05,97.8,5.5,,5.1231701879297695
35,4625777672983276160,0.7620337875921112,0.03767349,11.178493421920177,0.04729155,14.978042962751369,0.050524577,,False,4767.019955264851,2.3015404,16.491749,2224.1854716338835,13.273693,16.970615,3695.7379137087737,15.828643,1.1419725,,NOT_AVAILABLE,False,False,0,1.0310885e-13,5.1645293e-13,4959.3257,4.6443,-0.5599,965.0647,0.2013,0.1603,0.0854,63.01197582020372,-79.5173541779852,0.038196288,0.034913108,63.01154583333333,-79.51751666666667,0.0009166666666666665,0.00016666666666666666,7191,0.6492242380159969,3.1475279269937414e-06,10.8,1.5,,5.901620139109406
36,4625402086681672704,1.5124026335481402,0.063623086,-7.385290528292653,0.080962755,-5.979835703296023,0.07957838,1.3477184,False,2749.108580532014,3.4298282,17.089388,1290.485319435055,116.32333,17.561659,3263.44053669987,15.963706,1.5979528,,NOT_AVAILABLE,False,False,0,2.065019e-08,5.303526e-05,,,,,,,,63.024207316267685,-79.56382439598595,0.07522339,0.05662756,63.02707916666666,-79.56375555555556,0.0008458333333333333,0.0001527777777777778,7245,1.889078970243778,9.158513294700305e-06,12.9,1.6,,7.987725124642749
37,4622344477988947456,1.8097076745091856,0.11218575,4.256559529463992,0.1420467,9.172364428297382,0.13904476,,False,839.6561635292348,1.2146579,18.377113,178.54789178902254,7.149243,19.709156,1001.858385479758,17.24588,2.463276,,NOT_AVAILABLE,False,False,0,1.08502176e-13,5.291177e-13,3391.285,4.4794,-1.087,422.1354,0.6112,0.4038,0.2466,63.04060495189313,-80.25746652757499,0.10762091,0.10851283,63.03780416666667,-80.25786944444444,0.0008041666666666666,0.0001361111111111111,7290,2.2394291238434967,1.0857058771094944e-05,16.7,1.8,,9.66515514064234
38,4625777599968068224,0.7505829395743352,0.10261504,7.930373805406067,0.12491657,6.7903141171739625,0.123901375,,False,1047.7012603797236,1.2472645,18.136774,393.5330351063072,8.429574,18.85109,979.2126802228132,17.270702,1.5803871,,NOT_AVAILABLE,False,False,0,1.026022e-13,5.497662e-13,4088.434,4.718,-0.3324,1093.3555,0.0216,0.0158,0.0085,63.1892366467775,-79.51284990667102,0.09842906,0.08996694,63.191829166666665,-79.51245555555556,0.000325,5.833333333333333e-05,7780,2.21389601203814,1.0733270751866804e-05,96.8,5.5,,7.5137674443173115
39,4622331013267897728,0.7099886513089668,0.050664708,3.4637839023594905,0.054721203,0.8405627751129551,0.06357107,,False,2839.258353861941,7.7950373,17.054354,1030.6098123600595,12.516773,17.805807,2564.7081538987886,16.2253,1.5805073,,VARIABLE,False,False,0,1.2844585e-13,3.2493502e-10,4342.1836,4.3175,-1.0248,1132.535,0.5813,0.4357,0.2349,63.26201674214407,-80.55098005276437,0.048113566,0.04702518,63.26182916666666,-80.55095833333333,0.0006333333333333333,0.00010277777777777778,8004,0.13565946282236332,6.576956354628617e-07,30.0,2.8,,6.310611034346904
40,4622330562294621824,2.656842345890108,0.11389293,99.6636948610141,0.120627634,39.80705072122331,0.12861076,,False,886.5016183451243,1.2070363,18.318169,199.62719896258156,8.667428,19.587994,1078.483948159798,17.165861,2.4221325,,NOT_AVAILABLE,False,False,0,1.0765377e-13,5.377252e-13,3407.504,4.6512,-0.8716,367.6275,0.4536,0.3001,0.1842,63.28778316860311,-80.57475243717332,0.10920243,0.10305794,63.284795833333334,-80.57514166666667,0.0008583333333333332,0.0001388888888888889,8082,2.2505452126572494,1.091095109046471e-05,15.5,2.0,,10.439997923083844
41,4625766196830663808,0.7020355220555327,0.047902223,11.138442646671283,0.058851287,12.719320660054724,0.05612186,,False,18055.98005499909,7.2779307,15.0458145,9234.048473521543,16.164852,15.425062,12839.000771713234,14.476567,0.9484949,,NOT_AVAILABLE,False,False,0,1.0236787e-13,9.0565245e-13,5641.273,4.4261,-0.2931,915.535,0.2875,0.2384,0.1282,63.31104504338662,-79.51056196754321,0.04833112,0.044249006,63.31076666666666,-79.50998333333334,0.0004875,8.61111111111111e-05,8164,2.0910581263640324,1.0137735876513655e-05,43.0,3.5,,4.277609937019422
42,4625388411507193216,0.5876033440820155,0.024916774,-1.736463473857194,0.03447058,5.099746475516685,0.03283359,,False,11655.852827290888,3.7822094,15.521007,6085.995726541102,15.719598,15.877713,7987.534781875513,14.991863,0.88584995,,NOT_AVAILABLE,False,False,0,1.0224748e-13,5.1072173e-13,5756.3677,4.0709,-0.3274,1908.7072,0.2442,0.2041,0.11,63.31300932914798,-79.7231611165697,0.02609748,0.02270765,63.313845833333325,-79.72249166666667,0.0003291666666666666,5.833333333333333e-05,8170,2.469180188971432,1.1970923367316096e-05,96.7,5.5,,4.3664282935917225
43,4625386689224561024,2.7678097117690963,0.18651098,16.220970560737936,0.2735725,19.27547300241857,0.26381654,,False,436.8992950218407,1.1732553,19.086414,81.8090485816091,6.600813,20.55654,568.937316868818,17.860235,2.6963043,,NOT_AVAILABLE,False,False,0,1.1678694e-13,1.6632268e-10,,,,,,,,63.33802784114461,-79.75056547324343,0.19027336,0.18469633,63.33979583333333,-79.75058888888888,0.0005833333333333333,0.00010555555555555555,8246,1.1356398775116887,5.505737494309955e-06,29.6,2.7,,11.297095144296804
44,4625375423526111232,1.1833584597883984,0.034396037,1.8273485755968792,0.045458812,14.465526319733678,0.0467844,,False,6085.081604321581,2.7636662,16.226702,2677.856516251489,10.64021,16.769073,4825.730230952032,15.538988,1.2300854,,NOT_AVAILABLE,False,False,0,1.0316112e-13,5.1531403e-13,4694.364,4.4732,-0.5236,997.7003,0.144,0.1126,0.0599,63.389517840484736,-79.96269787696257,0.033695526,0.034076866,63.38577499999999,-79.96229444444445,0.0007374999999999999,0.00013055555555555555,8395,2.761268817752871,1.3387009000604238e-05,18.9,2.0,,6.5922835994163105
45,4622343447196790016,0.8323233723643496,0.10717604,-4.716278321550042,0.13335215,0.677270456729983,0.13095477,,False,981.5509711018992,1.374087,18.207584,334.2308067409077,9.65403,19.028425,880.0986261728193,17.386568,1.6418571,,NOT_AVAILABLE,False,False,0,1.177482e-13,3.1533387e-10,4003.7927,4.6382,-1.5235,902.4009,0.0176,0.0129,0.0069,63.398027557668414,-80.29027798078067,0.0988828,0.09905191,63.40012083333333,-80.29086666666666,0.0008499999999999998,0.00014166666666666668,8443,2.471142994963235,1.1980439319277419e-05,14.9,1.7,,7.809044450855165
46,4625779695912136448,1.4617044169908906,0.046941396,2.4828559646545583,0.05226795,5.424751958907814,0.05553498,,False,2954.0382141787027,1.9167662,17.011326,983.9101893835284,9.95492,17.856153,2823.200107869183,16.121042,1.7351112,,NOT_AVAILABLE,False,False,0,1.04663206e-13,5.391812e-13,4280.2275,4.5459,0.072,831.2476,0.6873,0.5031,0.268,63.406830248178025,-79.4443163885659,0.04462149,0.043463968,63.40569999999999,-79.44361666666667,0.0007624999999999999,0.0001388888888888889,8458,2.626973545942727,1.2735927149770377e-05,15.8,2.0,,7.835623796596561
47,4622345921097960192,0.421697728891431,0.039399907,4.319883980015278,0.0481225,8.154370497174375,0.047263,,False,4423.745011106513,2.542508,16.572891,2204.8420488522493,9.483412,16.980099,3214.7623324324622,15.980023,1.0000753,,NOT_AVAILABLE,False,False,0,1.0226925e-13,5.1098e-13,5322.6846,4.6537,-0.4801,1280.1917,0.1751,0.1431,0.0769,63.4150107591858,-80.22699217836026,0.038101792,0.036960535,63.41344999999999,-80.22655833333333,0.0002875,4.9999999999999996e-05,8483,1.8300371608062251,8.872270524942592e-06,134.0,6.4,,4.697897310355614
48,4625779803287053440,0.3000980683971307,0.009151657,5.636129330153321,0.011281372,7.022490321341582,0.010995253,,False,108330.17220097307,13.830418,13.100493,48203.744963971,30.141466,13.63084,85927.48438851608,12.412565,1.2182751,-27.924047,NOT_AVAILABLE,False,False,0,1.02132814e-13,5.101483e-13,5479.996,2.9233,-0.0229,2726.7576,0.6731,0.5377,0.2851,63.41528460438572,-79.426859991159,0.009243308,0.008321766,63.414325,-79.42659166666667,0.00023749999999999997,4.4444444444444447e-05,8491,1.1553834557125675,5.601457062570083e-06,166.2,7.3,,0.48680900033040864
49,4622346406430481280,0.9513680024095234,0.060488492,2.457537940357827,0.07071936,-6.166128086338911,0.07780297,,False,2264.213616875794,1.5896479,17.300074,903.3879861891758,6.5104465,17.948856,1925.24790931028,16.536678,1.412178,,NOT_AVAILABLE,False,False,0,1.0228671e-13,5.2817456e-13,4310.8555,4.4309,-0.4625,1399.501,0.0199,0.015,0.008,63.42025751334255,-80.19522665210707,0.05609937,0.058271546,63.42077499999999,-80.19565,0.0007,0.00011944444444444444,8512,1.5567195915509862,7.547189556335805e-06,22.3,2.2,,7.1918167029900175
50,4625382840933840896,0.8672193550445282,0.093378216,8.876016669561222,0.14201017,-15.672864137798728,0.1290272,,False,1100.8171470024902,1.3048167,18.083078,395.7803823087526,11.452611,18.844906,1018.8414895324612,17.227629,1.6172771,,NOT_AVAILABLE,False,False,0,1.0283364e-13,7.0346626e-13,3942.951,4.3848,-0.5042,1582.8048,0.0105,0.0076,0.0041,63.4846583994027,-79.84096260128597,0.094421685,0.09392473,63.48410416666666,-79.84113055555555,0.0008458333333333333,0.00014722222222222223,8732,0.6995935387549547,3.391725188030148e-06,13.6,1.6,,7.773722810542779
51,4625383699927320704,1.398369473678247,0.24675785,-0.8341986664580935,0.3575586,1.92868114167826,0.34792876,1.3451594,False,283.3593896980361,0.863544,19.556522,93.0718585392959,6.476609,20.416496,307.334133585192,18.528868,1.8876286,,NOT_AVAILABLE,False,False,0,5.0596954e-10,5.823567e-10,,,,,,,,63.49837061082917,-79.76035903730313,0.24131496,0.24894269,63.498875,-79.76075,0.0007083333333333334,0.0001277777777777778,8792,1.4440038915150957,7.000728421827678e-06,19.6,2.0,,10.284631673856556
52,4625373426365494272,0.7924264694223269,0.03918719,8.097376162782998,0.050780255,16.09967733348529,0.049048096,,False,5002.669652328989,2.4591153,16.439362,2439.622531481325,14.258227,16.870235,3664.8262442539326,15.837762,1.0324736,,NOT_AVAILABLE,False,False,0,1.02259144e-13,5.1092117e-13,5097.301,4.7225,-0.9952,929.607,0.1173,0.0951,0.0514,63.52119888343061,-80.04366540847184,0.038314857,0.037249092,63.521741666666664,-80.04353888888889,0.0007708333333333332,0.00013333333333333334,8866,0.5670928171221423,2.749343562016581e-06,17.5,1.9,,5.934156869239546
53,4622345577500587904,1.0799117951032278,0.1294881,17.46032892670573,0.15438107,13.460062357491386,0.15273032,1.319781,False,692.0154849676701,1.1201385,18.587078,188.0461104656284,7.480744,19.652882,723.1099194957303,17.599884,2.0529976,,NOT_AVAILABLE,False,False,0,1.03214326e-13,5.4895124e-13,3820.307,4.7548,-0.2587,854.374,0.613,0.427,0.2414,63.527859206545706,-80.21395988444385,0.12206561,0.12250351,63.52557083333333,-80.214,0.001,0.00016944444444444445,8882,1.407657149042301,6.824514441644246e-06,10.5,1.3,,8.75401942343329
54,4625373430661290112,0.6292712966834006,0.038475074,8.579324462353844,0.048776608,10.683599899051574,0.04801233,,False,4700.219621785103,2.242074,16.50707,2186.8254417800404,12.191949,16.989006,3560.0212014188423,15.869264,1.1197424,,NOT_AVAILABLE,False,False,0,1.0255972e-13,5.1230515e-13,5008.3687,4.5331,0.1585,1291.9016,0.1331,0.1059,0.0557,63.52955365366765,-80.04103589201337,0.037222166,0.03636112,63.53189583333332,-80.04163055555556,0.00047916666666666664,8.333333333333333e-05,8900,2.5902272879845545,1.255777626391171e-05,49.7,3.8,,5.5012596123659865
55,4625388720744838784,0.8727415890009766,0.08211538,2.702125701368333,0.12709096,9.324202156450797,0.105409995,,False,1535.0287329115135,1.9280977,17.722076,466.9735747300504,7.7010336,18.665312,1582.3355998124127,16.74965,1.9156628,,NOT_AVAILABLE,False,False,0,1.0284629e-13,5.8028094e-13,3867.6223,4.7283,-0.2631,655.1643,0.3252,0.2293,0.128,63.57562360062175,-79.67784439818679,0.09084532,0.07494504,63.572799999999994,-79.67841111111112,0.0006083333333333332,0.00010833333333333334,9055,2.734875218372498,1.3259049219843223e-05,26.9,2.5,,7.42650436008611
56,4622346475149958912,0.5760535362869059,0.048029795,2.012291160873409,0.05805274,6.574826965318693,0.05792716,,False,3038.4363718596373,1.790269,16.980742,1482.9316721473608,8.0480585,17.41074,2204.9687157354147,16.389389,1.0213509,,NOT_AVAILABLE,False,False,0,1.02269674e-13,5.1087633e-13,5038.2676,4.723,-0.9433,1204.0548,0.0136,0.011,0.0059,63.57712062080407,-80.1833753164957,0.045715664,0.045276012,63.5799625,-80.18399166666667,0.0007,0.00011944444444444444,9077,2.822362595727741,1.3683199994495488e-05,22.2,2.2,,5.7830562351155645
57,4622332490736595968,0.4362888350629104,0.040240176,6.1883591196802,0.047325995,2.268410628190438,0.047822174,,False,3925.8283774862416,2.0116372,16.70254,1947.0376315456745,11.188594,17.115107,2790.331199469605,16.133757,0.98134995,,NOT_AVAILABLE,False,False,0,1.02107884e-13,5.1002697e-13,5107.6704,4.384,-1.2651,1798.737,0.0055,0.0045,0.0024,63.82345468369551,-80.45582022559016,0.039417394,0.036752313,63.820762499999994,-80.4559888888889,0.00041666666666666664,6.944444444444444e-05,9897,1.717860525458447,8.328422849782514e-06,72.7,4.8,,4.901410496144148
58,4625766471708576640,4.034542399183168,0.020769784,35.63048003756758,0.024006011,71.26777142298685,0.025792984,,False,16885.93510597597,5.316692,15.118554,5232.198256573749,12.206328,16.041832,17166.09562242364,14.161217,1.8806152,76.1106,NOT_AVAILABLE,False,False,0,1.7308995e-13,8.6457566e-13,3678.5947,4.4549,-0.665,245.7161,0.0887,0.0625,0.0345,63.87310436214903,-79.52737371891811,0.020319115,0.019372752,63.87671666666666,-79.52763055555556,0.0007833333333333333,0.00014166666666666668,10097,2.5381129874491473,1.230511900509701e-05,15.1,1.8,,8.147525419231599
59,4622378979462441088,1.8787727404686556,0.025720526,9.959093598173782,0.0339645,17.86822163609219,0.034627378,,False,10335.644792454044,3.8068442,15.651523,4062.051735745159,15.091395,16.316679,8951.613752122475,14.868142,1.4485369,,NOT_AVAILABLE,False,False,0,1.0453929e-13,5.222181e-13,,,,,,,,64.0413716694088,-79.92963740290249,0.02691912,0.024999816,64.04206666666666,-79.92944166666668,0.0007333333333333331,0.00013055555555555555,10686,0.8294183778953379,4.021133769683475e-06,18.9,2.0,,7.020894251408711
60,4622341527347653248,0.7203832485186449,0.04688398,7.6980044839022845,0.056170147,6.0177853776032695,0.055193603,,False,3169.519049897097,1.9224222,16.934883,1308.1843238701756,11.301451,17.54687,2619.4404259327302,16.202374,1.3444958,,NOT_AVAILABLE,False,False,0,1.0271005e-13,5.138288e-13,4651.9033,4.513,0.0371,1282.6003,0.1445,0.1107,0.0581,64.05838315436492,-80.31971958461074,0.045355856,0.044164628,64.05944999999998,-80.31975833333333,0.0007624999999999999,0.00013055555555555555,10751,0.6606974663218158,3.2031517074870244e-06,18.8,2.0,,6.222701026841715
61,4622371278584907776,0.7149824004640902,0.09924537,15.878039540227208,0.1307744,3.5065806944343727,0.12521791,,False,1012.3409723322034,1.2488232,18.17405,352.1866730572692,9.007767,18.97161,939.2716330492916,17.315918,1.6556911,,NOT_AVAILABLE,False,False,0,1.0319146e-13,6.0722065e-13,3918.8765,4.815,-0.6763,836.8015,0.0178,0.0129,0.0069,64.10542626351764,-80.07078115437285,0.09610486,0.09585813,64.10769166666667,-80.07096944444444,0.0006166666666666665,0.00010833333333333334,10918,1.5610869529823912,7.568363122041832e-06,28.2,2.6,,7.445526758128473
62,4622379524922139776,2.3801330766375357,0.18257953,25.34982243067949,0.29169863,1.1690763118146636,0.2507265,1.2042493,False,423.5843678902987,1.0261964,19.120018,79.63143517903428,8.554021,20.58583,581.0248611408522,17.837408,2.7484226,,NOT_AVAILABLE,False,False,0,1.05408046e-13,1.8244509e-10,,,,,,,,64.15789621235214,-79.8867447675283,0.18548886,0.18853238,64.15965833333333,-79.88671944444445,0.0005249999999999999,9.166666666666667e-05,11095,1.1176329875425133,5.41843762819668e-06,38.9,3.2,,11.003024198798606
63,4622378047453302016,0.2440540914518518,0.010571872,7.693243162403595,0.013030443,1.1314087682637242,0.014110055,,False,82249.77713758677,10.414489,13.39953,39541.662484944085,21.806871,13.845905,61042.76697370926,12.78381,1.0620956,182.15123,NOT_AVAILABLE,False,False,0,1.0218135e-13,5.103907e-13,,,,,,,,64.22386106104122,-79.96874117492814,0.010029741,0.010048653,64.22288749999998,-79.96807222222222,0.0008999999999999999,0.00015555555555555556,11294,2.4844096581499913,1.2044757917441009e-05,12.3,1.5,,0.3369604639796595
64,4622365781027322240,1.1314364697842647,0.13848738,17.632616480622033,0.16837238,5.186128723042697,0.16006142,,False,698.2724097267863,1.2408805,18.577305,161.0729615385057,13.059591,19.820986,670.6285577184545,17.68169,2.1392956,,NOT_AVAILABLE,False,False,0,1.2771985e-12,4.0120445e-11,3457.913,4.647,-0.8133,572.9427,0.0823,0.0562,0.0319,64.22611971443158,-80.20960660647599,0.13171482,0.1339886,64.22455833333332,-80.20990277777778,0.00021249999999999996,3.611111111111111e-05,11298,1.4319117521405753,6.942104075762006e-06,346.7,12.8,G25,8.845455866589722
65,4622326443422646784,2.0686932847240413,0.017912995,13.96654455428882,0.02053604,5.845503431397732,0.020313429,,False,21848.73776216533,4.6971207,14.838801,9241.704623009284,19.721693,15.424162,17920.142149010368,14.114542,1.3096199,44.071518,NOT_AVAILABLE,False,False,0,1.03335316e-13,5.161772e-13,4630.7344,4.5323,-0.0018,478.5876,0.166,0.1281,0.0674,64.27334677732499,-80.4604718894612,0.017103612,0.016578982,64.27376249999999,-80.46100833333334,0.0008125,0.0001361111111111111,11466,1.9470594080640664,9.439610389601457e-06,17.1,2.0,,6.41728152334754
66,4625760733632280832,0.9586619178635324,0.11797,-9.694760416876717,0.14772674,13.014385647392126,0.14812404,,False,837.3561449780292,1.2511133,18.38009,275.4946936955222,11.002364,19.238258,800.5156499509009,17.489471,1.7487869,,NOT_AVAILABLE,False,False,0,1.1119463e-13,1.3449056e-12,3698.1404,4.3709,-1.7243,704.2345,0.006,0.0043,0.0023,64.30194477363796,-79.64571856231552,0.11919309,0.11685082,64.30281666666666,-79.64579722222223,0.0006208333333333332,0.00011111111111111112,11561,0.6312322732054158,3.0603004201125842e-06,25.5,2.5,,8.288417378432417
67,4622378120469600000,0.7508408772528316,0.03552574,0.6228113078830773,0.04344869,2.9396145182114606,0.044017904,1.5012435,False,5719.865657975836,2.636676,16.293901,2743.811195517094,8.47343,16.742657,4250.2211542464765,15.676867,1.0657902,,NOT_AVAILABLE,False,False,0,1.0228201e-13,5.109086e-13,5025.9634,4.4247,-0.5507,1370.4952,0.0972,0.0783,0.042,64.3397822205869,-79.96372371833412,0.03394518,0.033842366,64.34040833333333,-79.964025,0.00043333333333333326,7.500000000000001e-05,11693,1.1535519624208386,5.592577732513026e-06,61.5,4.3,,5.671640542189831
68,4622378116172857728,0.4691408193922848,0.03840757,6.073142397027457,0.046912383,9.896865096467764,0.04685793,,False,5582.528641294975,2.6713464,16.32029,2902.95109345588,11.87663,16.681442,3890.7080752515058,15.772824,0.908618,,NOT_AVAILABLE,False,False,0,1.0212426e-13,5.107281e-13,5525.0327,4.6433,-0.7347,1227.5983,0.1501,0.1245,0.0674,64.35275773244172,-79.95944771477608,0.03618573,0.036230557,64.35309999999998,-79.95931388888889,0.0006458333333333332,0.00011388888888888888,11736,0.5274982222196956,2.557383548916601e-06,25.2,2.4,,4.6768061102225875
69,4625769701523987072,0.6545170365902465,0.050799776,-2.1065804752132866,0.058770474,-8.379592172030527,0.06277198,,False,3492.634768787693,2.0361798,16.829483,1656.3992219842128,9.976981,17.29063,2629.677331429349,16.19814,1.0924911,,NOT_AVAILABLE,False,False,0,1.0240456e-13,5.11802e-13,4878.6123,4.4747,-0.5161,1521.9695,0.0285,0.0227,0.0121,64.43886351665977,-79.4919506516857,0.047930982,0.045158453,64.43868749999999,-79.49151111111111,0.0007916666666666665,0.00014444444444444444,12020,1.5865605610793703,7.691862659187356e-06,14.6,1.9,,5.909087776976575
70,4622326649581077632,1.0013524630772896,0.025486005,-2.6007262396958724,0.029159922,0.8462830926965695,0.02982134,,False,11123.600101474269,3.3982723,15.5717535,5393.083017732695,11.363661,16.00895,8174.047017855065,14.966803,1.0421467,,NOT_AVAILABLE,False,False,0,1.0276925e-13,5.133333e-13,5190.5034,4.5495,-0.4326,849.2484,0.1585,0.1286,0.0689,64.44703571586192,-80.45114210881853,0.023558466,0.023932148,64.45155833333332,-80.45095833333333,0.0006374999999999998,0.00010555555555555555,12065,2.780776007435566,1.3481582524965361e-05,28.6,2.7,,5.5746883520647526
71,4622757001007502080,1.32664459081176,0.0317786,14.093934524576376,0.041141562,21.97508123873673,0.04106465,,False,7668.708937644058,3.1206527,15.975561,3372.3328426508965,12.934668,16.518717,6173.956923079995,15.271486,1.2472305,,NOT_AVAILABLE,False,False,0,1.03910167e-13,5.190731e-13,,,,,,,,64.55593005971329,-79.78775698846955,0.031848863,0.031201353,64.55897499999999,-79.78818055555556,0.00019999999999999998,3.611111111111111e-05,12422,2.4702353579973026,1.197603897110048e-05,377.2,13.8,,6.589333952969607
72,4622329054762635776,2.0411466342066307,0.0111474395,27.38968531539749,0.011882584,-5.318827113839994,0.013098911,,False,149379.37990022413,32.076286,12.75164,82917.38641007304,47.809654,13.041928,96767.27630087298,12.283574,0.7583542,196.65088,NOT_AVAILABLE,False,False,0,1.0219946e-13,5.1048114e-13,6190.193,4.2867,-1.4986,483.986,0.2462,0.2113,0.1159,64.58878890707392,-80.34777702481705,0.009960032,0.011088533,64.58704166666665,-80.34834722222222,0.0008041666666666666,0.0001361111111111111,12498,2.307773581682286,1.1188402052975209e-05,16.9,1.9,,4.301011025881426
73,4622380113333809920,0.9778033082528929,0.019730434,3.6185234895361456,0.024360115,9.382846394471578,0.025777398,,False,17869.265194885484,5.4521194,15.0571,9202.927100541378,14.161678,15.428727,12363.13212041554,14.517574,0.91115284,,NOT_AVAILABLE,False,False,0,1.02690216e-13,5.129332e-13,5618.254,4.444,-0.1808,952.4774,0.1845,0.1531,0.0821,64.63226425835195,-79.8768328632484,0.018532036,0.020249043,64.62868333333331,-79.87713888888888,0.0005,8.61111111111111e-05,12629,2.5194467408520573,1.2214622487821609e-05,43.9,3.5,,5.0083575115072865
74,4625762760856843008,1.3323961105621815,0.119020596,5.302639810327553,0.15691544,1.3271755763183175,0.15062195,,False,1011.681624081777,1.361525,18.174757,257.16914553016926,9.422907,19.312996,1168.9961359335523,17.078363,2.2346325,,NOT_AVAILABLE,False,False,0,1.66153e-13,7.6044813e-13,3628.9866,4.8047,-0.27,526.9829,0.6036,0.4082,0.2432,64.66370589456915,-79.55801082508873,0.120124646,0.11463285,64.66589583333332,-79.55793888888888,0.00041249999999999994,7.500000000000001e-05,12744,1.452138934068559,7.040168221078379e-06,61.6,4.4,,8.797923781294106
75,4622367537669591424,0.3590010486288226,0.06903045,1.3963269319028635,0.08348124,4.875756897716947,0.0862006,,False,1818.96836148752,1.5278076,17.537804,982.5907470164732,11.472081,17.85761,1225.9450127298098,17.026718,0.83089256,,NOT_AVAILABLE,False,False,0,3.8317176e-11,5.111697e-13,5533.969,4.7094,-1.5341,1994.4977,0.007,0.0059,0.0032,64.76622126090363,-80.12879673158548,0.061376855,0.06967102,64.76598333333332,-80.12833888888888,0.0005124999999999999,8.61111111111111e-05,13066,1.6547620094391575,8.022512611560823e-06,43.1,3.5,,5.313282585691683
76,4625768735155529216,9.5018081972081,0.017826598,-12.415228997659494,0.024275336,16.18171871861074,0.024948966,,True,31677512.084520657,8812.918,6.935489,21351814.49085565,13996.057,7.014955,15543274.820273511,6.769039,0.24591589,3.1677313,NOT_AVAILABLE,False,False,0,1.3750302e-13,6.868207e-13,9344.217,4.2517,0.4273,105.5287,0.4648,0.4381,0.2328,64.77601883312174,-79.52086592537263,0.018582262,0.018870933,64.77695833333331,-79.52143055555555,0.0005708333333333333,0.00010277777777777778,13124,2.1237057951190788,1.029601624120748e-05,30.0,2.8,,1.82452029767816
77,4622755974512033920,0.558824415501633,0.058450125,3.982928393345052,0.078319356,-2.626568976258608,0.074689254,,False,2261.302712875705,1.9241472,17.30147,1034.2943426024635,6.6324725,17.801931,1999.2584129781876,16.495724,1.3062077,,NOT_AVAILABLE,False,False,0,1.03617324e-13,9.250317e-10,4699.2188,4.7475,-0.9814,932.4089,0.3517,0.2741,0.1478,64.78467516077325,-79.82015995174261,0.05782829,0.062866226,64.78429166666666,-79.81991666666666,0.0004958333333333333,8.61111111111111e-05,13142,0.9091807951767437,4.407832881021343e-06,43.7,3.5,,6.037846862711708
78,4622352385024991360,0.5733924773192896,0.05724538,8.353673943260814,0.057629995,5.374594833159311,0.06788739,,False,2536.1692716808843,1.7370132,17.176922,1196.9886662201902,7.4970274,17.643316,1911.848674031365,16.544262,1.0990543,,NOT_AVAILABLE,False,False,0,3.670758e-11,5.1144294e-13,4859.063,4.6874,-0.743,1244.7764,0.0345,0.0274,0.0146,64.80967516439448,-80.34271962772938,0.049389504,0.058989786,64.81183333333333,-80.34242777777777,0.00047916666666666664,8.055555555555556e-05,13238,1.6741159750633088,8.116343284746024e-06,53.3,4.0,,5.9691819543868885
79,4622353205363052288,1.3222516260848094,0.14249866,3.872121785894128,0.16327325,20.1475356375493,0.1748364,,False,676.1770729496201,1.16873,18.612215,127.71008618031392,9.557885,20.072979,892.2328761820693,17.3717,2.7012787,,NOT_AVAILABLE,False,False,0,1.3563251e-13,6.212234e-13,3453.0,4.286,-0.2065,928.4324,0.8911,0.5755,0.3738,64.81581116630576,-80.2716456995523,0.12885594,0.14649382,64.81505,-80.27180555555556,0.0004833333333333333,8.333333333333333e-05,13260,0.7386293370527187,3.5809760787155475e-06,51.3,3.9,,9.21878554890028
80,4622373584983540480,1.0692419142601817,0.033703644,6.920381203287025,0.0421955,13.413770533850768,0.03840188,,False,7723.399932134707,3.1607044,15.967846,3532.332532566288,26.996084,16.468388,6015.064389082161,15.299795,1.1685925,,NOT_AVAILABLE,False,False,0,1.03335316e-13,5.1646236e-13,4869.7554,4.5035,-0.3062,934.8229,0.1852,0.1465,0.078,64.82898640132595,-80.06719709227785,0.030711116,0.031888515,64.82931666666664,-80.06785277777777,0.0005791666666666666,9.999999999999999e-05,13299,2.3693598229042903,1.1486980576109241e-05,32.7,2.9,,6.113225873762959
81,4622766312496637696,3.2970240586476853,0.08119837,-22.474275916403872,0.11064359,5.522298976073429,0.107562,,False,1436.8871409191458,1.6143304,17.79381,313.27607324234634,10.274745,19.098724,1782.587642666657,16.620268,2.4784565,,NOT_AVAILABLE,False,False,0,1.0923687e-13,6.2117623e-13,3469.356,4.8294,-0.4253,303.559,0.8041,0.5279,0.3274,64.8639615977416,-79.53685812202635,0.08448451,0.08699463,64.86477083333332,-79.53669166666667,0.0006833333333333333,0.000125,13412,0.7993689983946068,3.875450266748365e-06,20.2,2.2,,10.38442058118105
82,4622377433273447168,2.667547227311186,0.5077036,13.8144336500258,0.71101123,29.88670582378877,0.79454803,,False,124.1069388143334,0.7332761,20.452877,88.74914401426292,6.5083475,20.468132,59.51633091039972,20.311306,0.15682602,,NOT_AVAILABLE,False,False,0,0.00029644612,1.7035234e-08,,,,,,,,64.90606745448098,-79.89713114889666,0.44422263,0.5203294,64.90192083333332,-79.89684444444445,0.00019583333333333331,3.3333333333333335e-05,13524,2.814687729580871,1.3645991193404584e-05,527.0,18.9,,12.583437585429266
83,4622374306538041856,0.6587135693641858,0.014314173,11.395738888048536,0.016357673,9.782938782141452,0.01787654,,False,42853.62143467932,6.779527,14.107398,20145.500811584672,12.994232,14.578097,32407.86774170713,13.47127,1.1068277,29.179703,NOT_AVAILABLE,False,False,0,1.02354316e-13,5.112546e-13,5348.014,3.6805,-0.3077,1363.5879,0.465,0.377,0.2028,64.91270324012001,-80.00358702933767,0.013118776,0.014663456,64.91285833333333,-80.00289166666667,0.0009541666666666666,0.00016388888888888887,13566,2.5051812403530214,1.214546138972472e-05,11.1,1.4,,3.2008810495537805
84,4622753122653750656,1.625555592573786,0.05730027,11.904677583601533,0.08250899,4.169495521219485,0.07185532,,False,2369.688971959441,1.8404971,17.250639,646.0182625828197,8.392689,18.312931,2514.4919935904577,16.246769,2.066162,,NOT_AVAILABLE,False,False,0,1.08216875e-13,5.585533e-13,3924.136,4.6906,0.0378,544.64,0.7249,0.507,0.2847,64.96825543251829,-79.809767066001,0.059693545,0.05809848,64.96767499999999,-79.80902777777777,0.0009499999999999999,0.00016666666666666666,13739,2.68699122076775,1.3026901048386722e-05,10.8,1.4,,8.30564813288014
85,4622766041915362944,0.4800358891567997,0.074894994,10.615901648574903,0.099906534,12.759622685676067,0.098210946,,False,1637.475785784718,1.7023159,17.65193,766.1002250473798,10.847157,18.127829,1241.6819957586322,17.012869,1.1149597,,NOT_AVAILABLE,False,False,0,1.02113556e-13,5.758408e-13,4818.651,4.7378,-0.924,1404.0343,0.031,0.0246,0.0132,64.97399304554303,-79.5538133520196,0.07689567,0.07592074,64.97435833333331,-79.55360833333333,0.0007999999999999999,0.00014444444444444444,13753,0.7756249738189237,3.760335987222816e-06,14.5,1.8,,6.058298539795588
86,4622374272178305280,1.2484476780168143,0.11240624,-12.26339403190386,0.13901256,1.9709772980403784,0.13599892,,False,932.1853088689626,1.2851125,18.26361,228.13306656475143,7.3082952,19.443071,1012.1485153446988,17.234785,2.2082863,,NOT_AVAILABLE,False,False,0,1.043213e-13,5.3367835e-13,3947.222,4.6867,0.0646,837.3939,0.9272,0.6461,0.3631,65.0048557392597,-80.00747555504734,0.10765587,0.11203302,65.00096666666666,-80.00756388888888,0.000325,5.555555555555556e-05,13857,2.4501042807709634,1.1878440754560852e-05,104.0,5.7,,8.745461729733458
87,4622766660390754944,0.687892918104887,0.030408422,30.035609885579,0.044583973,44.58350571150326,0.04190659,,False,7745.215364271108,3.3568242,15.964783,4178.044251951287,17.341166,16.28611,5172.314787129252,15.463683,0.8224268,,NOT_AVAILABLE,False,False,0,1.02168606e-13,1.2960133e-10,6095.9023,4.4785,-1.7325,1468.2678,0.3184,0.2711,0.149,65.01866867667043,-79.52617323192136,0.03180165,0.031140678,65.01658333333332,-79.5262861111111,0.0008749999999999999,0.00015833333333333332,13903,1.4239221641099546,6.903369459951499e-06,12.0,1.7,,5.152387191936182
88,4622765041186306304,0.5484834242329979,0.029524429,3.885785762742578,0.04275909,19.843354923428336,0.037057873,,False,8340.123987611367,3.3227434,15.884436,4395.83791552311,15.74599,16.230938,5655.277274585176,15.366761,0.86417675,,NOT_AVAILABLE,False,False,0,1.02260255e-13,5.108106e-13,5465.539,4.3276,-1.022,1653.2036,0.0224,0.0186,0.0101,65.08243501940102,-79.61394013019509,0.029983928,0.0296683,65.07942499999999,-79.61428055555555,0.0005625,9.999999999999999e-05,14095,2.306092529086797,1.1180252080008676e-05,31.5,2.9,,4.580253536281832
89,4622376295107348608,1.8566754495438205,0.06252857,3.144757232259201,0.07540794,16.883307609258846,0.075918615,,False,2030.2882567635204,1.7904747,17.418472,484.3621892177735,6.6209087,18.625616,2296.5683249001795,16.345198,2.2804184,,NOT_AVAILABLE,False,False,0,1.2559997e-13,6.349822e-13,3653.1648,4.3391,-0.4385,690.2997,0.6644,0.451,0.2675,65.20185876843775,-79.95153274593774,0.06014009,0.062197417,65.20245416666666,-79.95082500000001,0.0004458333333333333,7.777777777777778e-05,14431,2.575188784867532,1.248486754335786e-05,56.5,4.1,,8.762151974297428
90,4622353553256675712,2.7910451959968223,0.5196917,1.6967729882935894,0.6322634,6.3378633487715135,0.628689,1.2410213,False,1785.0148199649138,5.5401664,17.558262,811.3417867544647,10.4891,18.065533,2451.505516727547,16.274313,1.7912197,,NOT_AVAILABLE,False,False,0,7.9131694e-11,9.56347e-07,,,,,,,,65.30172829538981,-80.28227280644877,0.51564854,0.5133648,65.30523333333332,-80.28209166666666,0.0003749999999999999,6.111111111111111e-05,14711,2.227480427988131,1.0799129858877747e-05,84.7,5.2,,9.787096345848923
91,4622755562195173888,1.0514179167050215,0.017069789,-1.9799957761563949,0.022819404,0.6789611566729431,0.020933999,,False,21908.205798600808,4.8717794,14.83585,11430.362462204475,13.633881,15.193392,15009.574865702029,14.306974,0.8864174,,NOT_AVAILABLE,False,False,0,1.0230491e-13,5.11008e-13,5749.4985,4.3903,-0.2608,946.6883,0.2277,0.1903,0.1023,65.47567017830262,-79.70471529833318,0.016569356,0.016726432,65.47867083333333,-79.70521944444445,0.00029166666666666664,4.9999999999999996e-05,15169,2.649723414579659,1.2846221625339287e-05,118.2,6.0,,4.9447268667401065
92,4622354274810598784,1.492985628070307,0.023449413,14.902905642551673,0.030233728,22.656026622697578,0.028551972,,False,14364.059600760223,4.0281634,15.294174,5828.458818286578,9.514285,15.924658,12190.456400087798,14.5328455,1.3918123,,NOT_AVAILABLE,False,False,0,1.0355536e-13,5.1759394e-13,4657.0317,4.4134,-0.1589,660.3746,0.4522,0.3477,0.1843,65.49139877546996,-80.19918960760386,0.022337025,0.022981284,65.48860833333332,-80.19962777777778,0.0006541666666666665,0.00011111111111111112,15198,2.3264102234680477,1.1278755041996786e-05,25.6,2.5,,6.164452135477767
93,4622739928514227456,0.367397773589799,0.060520846,0.9921349515945908,0.06993201,14.4237072141904,0.073224515,,False,1958.48599639562,1.4610584,17.457565,950.8799806568228,9.100393,17.893229,1423.2890294244946,16.864662,1.0285664,,NOT_AVAILABLE,False,False,0,1.0212437e-13,5.104739e-13,5090.93,4.7688,-1.4863,1367.5438,0.0961,0.078,0.0424,65.58472952837604,-79.89413590669918,0.057981107,0.061009895,65.58084583333333,-79.89454444444445,0.0005958333333333333,0.00010555555555555555,15430,2.86030195564001,1.3867135201881244e-05,29.0,2.7,,5.283247600886039
94,4622762189328690176,0.5795840057391775,0.07194257,14.39624465472934,0.09626914,10.144550082247404,0.09050336,,False,1726.3623111825896,1.7257907,17.594538,707.2547386391085,11.515617,18.214603,1422.5688837729017,16.865211,1.3493919,,NOT_AVAILABLE,False,False,0,1.02656836e-13,7.2598443e-13,4418.7207,4.7076,-0.5348,1133.4556,0.0179,0.0137,0.0072,65.6481406435609,-79.60329472115265,0.071086235,0.0780063,65.64614999999999,-79.60279999999999,0.0006374999999999998,0.00011666666666666667,15565,2.2010285998040504,1.0670887776930347e-05,24.0,2.5,,6.410119960642849
95,4622739408821855232,2.218191186222543,0.16814524,25.010840847567646,0.20250425,20.749531951128787,0.19512728,1.27113,False,437.9647810817762,0.94517165,19.083769,99.12200618139067,6.8009896,20.348118,539.2631266367846,17.918394,2.4297237,,NOT_AVAILABLE,False,False,0,1.04615454e-13,5.514486e-13,,,,,,,,65.72558884027875,-79.97575751357455,0.16786432,0.16125992,65.72752083333333,-79.97585833333333,0.00065,0.00011388888888888888,15761,1.2638812802617363,6.127469359671115e-06,24.7,2.4,,10.813763876656173
96,4622738829002604544,0.6595463863434899,0.036501244,-1.4328721871872991,0.041773666,12.81996030716012,0.041581463,,False,4750.487251249562,2.2159092,16.495522,2206.695893786182,11.58467,16.979185,3586.1799128620323,15.861316,1.1178694,,NOT_AVAILABLE,False,False,0,1.0235051e-13,5.112621e-13,4830.6943,4.4328,-0.4294,1400.8215,0.0072,0.0057,0.003,65.88888163566189,-79.94330268848901,0.035943553,0.035554174,65.88592083333333,-79.94349166666667,0.00022916666666666664,3.888888888888889e-05,16085,1.9817030666770623,9.607567586175928e-06,220.4,8.8,,5.591748725906079
97,4622350112986596352,0.5592744725759093,0.057138517,0.8887478773621814,0.06432512,2.675429053763948,0.075430945,,False,2257.6765862225966,1.631498,17.303213,1166.2706598850532,11.395165,17.671543,1664.6937801088898,16.69456,0.976984,,NOT_AVAILABLE,False,False,0,1.028185e-13,5.6700873e-13,5176.355,4.744,-1.37,1433.402,0.005,0.0041,0.0022,65.93837786548512,-80.28619287358825,0.051872484,0.057362925,65.93519166666667,-80.28577222222222,0.00035,5.833333333333333e-05,16195,2.4574345106404167,1.191397871181277e-05,95.9,5.5,,6.041337984604505
98,4622741646501148672,0.858571983615167,0.011423162,7.735199480298697,0.01328902,15.110038407076557,0.013180279,,False,92070.41544322354,16.091206,13.277066,50656.68591216383,30.505043,13.57695,59311.00202973361,12.815058,0.7618923,16.929325,NOT_AVAILABLE,False,False,0,1.02361025e-13,5.1128817e-13,,,,,,,,65.96462916600647,-79.86625693554174,0.011335988,0.011076256,65.96582916666667,-79.86581388888888,0.0006541666666666665,0.00011666666666666667,16259,1.7668286495290204,8.565827014689122e-06,24.1,2.4,,2.945949563741486
99,4622735358669036160,1.5518861588919708,0.021609241,-1.6712788901990636,0.025389086,4.8133605773748025,0.024704559,,False,15056.80565057698,4.381489,15.243034,6568.305096644632,15.298424,15.794909,12082.079857144903,14.5425415,1.252367,,NOT_AVAILABLE,False,False,0,1.02881774e-13,5.138931e-13,4871.2637,4.6112,0.0862,573.062,0.3089,0.242,0.1275,66.11997540622724,-80.0336064521293,0.021013893,0.020519547,66.12000416666666,-80.03388333333334,0.0004083333333333333,6.944444444444444e-05,16575,0.9969333876571772,4.833269454933487e-06,70.4,4.8,,6.197333298598016
100,4622741229888090752,1.119115624575881,0.08683097,37.14951852640769,0.09912663,17.25646709405952,0.105486624,,False,1132.9446619755165,1.3132133,18.051846,338.61943587817467,10.912673,19.014263,1115.2533389020618,17.129461,1.8848019,,NOT_AVAILABLE,False,False,0,1.02211886e-13,5.113648e-13,4195.223,4.4238,0.026,1443.4751,0.6371,0.4586,0.2486,66.42464942499689,-79.8448618426334,0.08023896,0.088222355,66.42192083333333,-79.84478055555554,0.0008375,0.00014722222222222223,17060,1.75647595541073,8.515635737216929e-06,14.0,1.8,,8.296220796006946
101,4622358501058428288,6.906425167210253,0.034219593,71.88387926798569,0.04592093,71.23172822569649,0.042166427,,False,6182.562058175579,3.8749025,16.209446,1087.80347917202,6.690237,17.747166,7868.086036899225,15.008223,2.738943,,NOT_AVAILABLE,False,False,0,1.7308995e-13,8.6457566e-13,3401.3625,4.8269,-0.1112,145.3561,0.8294,0.5334,0.3443,66.4287900839271,-80.13965023925758,0.03232354,0.03422659,66.42484166666667,-80.13948333333335,0.0009791666666666666,0.00016666666666666666,17066,2.5072445589266676,1.215546464050292e-05,10.7,1.6,,10.405712552437304
102,4622734529738959232,4.238794931610189,0.085938394,3.5088289053382056,0.09402371,33.117939538639355,0.10990387,,False,1385.3391270921218,1.7237904,17.833477,171.07895441809674,11.976521,19.75555,1812.124792154664,16.602425,3.1531258,,NOT_AVAILABLE,False,False,0,1.1560651e-13,1.6770677e-11,3260.0723,4.8905,-0.001,220.7902,1.0677,0.6622,0.4486,66.66401192823555,-80.04606589430949,0.075459644,0.084629886,66.66390833333334,-80.04562222222222,0.0009583333333333333,0.00016388888888888887,17344,1.598519983639248,7.749843575915306e-06,11.0,1.6,,10.969689031856923
